{
  "high_discount": 95.53779602050781,
  "discount_offered": 16.186721801757812,
  "weight_class_light": 14.047557830810547,
  "weight_in_gms": 6.291799545288086,
  "discount_x_weight": 5.254821300506592,
  "cost_of_product": 3.949953556060791,
  "weight_class_heavy": 3.5015761852264404,
  "mode_of_shipment_road": 2.9545271396636963,
  "weight_class_medium": 2.8026623725891113,
  "product_importance_medium": 2.7059333324432373,
  "warehouse_block_a": 2.622945785522461,
  "warehouse_block_d": 2.6183321475982666,
  "prior_purchases": 2.517303943634033,
  "calls_per_cost": 2.484744071960449,
  "warehouse_block_b": 2.4721429347991943,
  "customer_care_calls": 2.368426561355591,
  "product_importance_high": 2.3664233684539795,
  "customer_rating": 2.3447623252868652,
  "warehouse_block_c": 2.3105340003967285,
  "mode_of_shipment_ship": 2.209613800048828,
  "mode_of_shipment_flight": 2.1677305698394775,
  "gender_m": 2.0104243755340576,
  "gender_f": 1.96324622631073,
  "warehouse_block_f": 1.8907767534255981,
  "product_importance_low": 1.8598058223724365
}